StrainId	StrainType	Name	IsDeleted	CreatedBy	CreatedDate	UpdatedBy	UpdatedDate
401366	Hybrid	#Hashtag Hybrid	False	Connor Parker	2020-06-26 00:00:00		
20765	Hybrid	||||||| Glue EcoBudz	False	Rachael Bush	2018-08-02 00:00:00		
172987	Hybrid	1:1 CBD	False	Josh Udovich (ju1071)	2020-09-29 00:00:00		
172988	Hybrid	3 Bears OG	False	Josh Udovich (ju1071)	2020-08-20 00:00:00		
172989	Hybrid	4 Juices	False	Josh Udovich (ju1071)	2020-02-13 00:00:00		
172990	Hybrid	5G #3	False	Josh Udovich (ju1071)	2021-02-23 00:00:00		
172991	Hybrid	5th Element	False	Josh Udovich (ju1071)	2020-03-31 00:00:00		
172992	Hybrid	818 Headband	False	Josh Udovich (ju1071)	2020-09-01 00:00:00		
172993	Hybrid	9 lb Hammer	False	Josh Udovich (ju1071)	2019-11-25 00:00:00		
172994	Hybrid	9 Pound Dream	False	Josh Udovich (ju1071)	2020-10-02 00:00:00		
453608	Hybrid	9 Pound Hammer BHO Extract - 1g	False	Dave  Comeau	2021-10-07 00:00:00		
172995	Hybrid	999	False	Josh Udovich (ju1071)	2020-10-13 00:00:00		
172996	Hybrid	A La Mode #22	False	Josh Udovich (ju1071)	2020-10-02 00:00:00		
172997	Hybrid	A La Mode #6	False	Josh Udovich (ju1071)	2020-10-02 00:00:00		
172998	Hybrid	AC/DC 5:1	False	Josh Udovich (ju1071)	2020-09-22 00:00:00		
172999	Hybrid	AC/DC CBD	False	Josh Udovich (ju1071)	2020-01-15 00:00:00		
173000	Hybrid	Actual Pain	False	Josh Udovich (ju1071)	2019-11-07 00:00:00		
173001	Hybrid	Afghan	False	Josh Udovich (ju1071)	2020-06-10 00:00:00		
282284	Hybrid	Afghan Berries	False	Adam Ashley	2018-05-31 00:00:00		
173002	Hybrid	African Lime	False	Josh Udovich (ju1071)	2020-07-08 00:00:00		
173003	Hybrid	Agent Orange Pre-roll	False	Josh Udovich (ju1071)	2020-06-22 00:00:00		
357758	Hybrid	AK-49 x GG # 4 x MIXED x OG Cookies x THC Distill	False	Dawn Vernor	2020-11-03 00:00:00		
282285	Hybrid	Alaskan Thunder Fuck x Purple Pineapple Express #	False	Adam Ashley	2018-05-25 00:00:00		
173004	Hybrid	Alice 2	False	Josh Udovich (ju1071)	2021-01-08 00:00:00		
290234	Hybrid	Alice in Wonderland	False	Michael  Smith	2020-05-15 00:00:00		
173005	Hybrid	Alien Cake	False	Josh Udovich (ju1071)	2021-01-04 00:00:00		
173006	Hybrid	Alien Cookies	False	Josh Udovich (ju1071)	2019-11-13 00:00:00		
173007	Hybrid	Alien Orange Mac	False	Josh Udovich (ju1071)	2020-08-27 00:00:00		
453609	Hybrid	Alien's on Moonshine	False	Dave  Comeau	2021-10-07 00:00:00		
173008	Hybrid	Alion x Snoop's Dream	False	Josh Udovich (ju1071)	2020-05-29 00:00:00		
330912	Hybrid	Amc	False	Richard Min	2016-03-16 00:00:00		
173009	Hybrid	Amsterdam Haze	False	Josh Udovich (ju1071)	2021-02-11 00:00:00		
173010	Hybrid	Angel Food Cake	False	Josh Udovich (ju1071)	2020-04-24 00:00:00		
173011	Hybrid	Angela	False	Josh Udovich (ju1071)	2020-08-04 00:00:00		
173012	Hybrid	Animal Cocktail	False	Josh Udovich (ju1071)	2019-11-13 00:00:00		
173013	Hybrid	Animal Sherbert #2	False	Josh Udovich (ju1071)	2019-11-27 00:00:00		
173014	Hybrid	Animal Style	False	Josh Udovich (ju1071)	2020-07-13 00:00:00		
173015	Hybrid	Apple Bottom	False	Josh Udovich (ju1071)	2020-08-27 00:00:00		
173016	Hybrid	Apple Fritter	False	Josh Udovich (ju1071)	2020-02-05 00:00:00		
229477	Hybrid	Apple Gelato 1g Wax	False	Chris  Taylor	2021-07-29 00:00:00		
173017	Hybrid	Areefa Danklin	False	Josh Udovich (ju1071)	2020-10-05 00:00:00		
173018	Hybrid	Baby Yoda	False	Josh Udovich (ju1071)	2020-06-12 00:00:00		
173019	Hybrid	Bachelor Party	False	Josh Udovich (ju1071)	2020-03-26 00:00:00		
173020	Hybrid	Bad Betty	False	Josh Udovich (ju1071)	2020-03-26 00:00:00		
173021	Hybrid	Banana Hammock	False	Josh Udovich (ju1071)	2020-01-21 00:00:00		
173022	Hybrid	Banana Mango	False	Josh Udovich (ju1071)	2021-01-13 00:00:00		
173023	Hybrid	Banana Puddintian	False	Josh Udovich (ju1071)	2020-03-26 00:00:00		
173024	Hybrid	Banana Sunset Bowzer	False	Josh Udovich (ju1071)	2020-01-22 00:00:00		
173025	Hybrid	Bananaminal Mintz	False	Josh Udovich (ju1071)	2021-02-22 00:00:00		
173026	Hybrid	Bananium #3	False	Josh Udovich (ju1071)	2020-10-30 00:00:00		
173027	Hybrid	Bavarian Cream	False	Josh Udovich (ju1071)	2019-11-21 00:00:00		
456945	Hybrid	Bavarian Cream Live Resin	False	Beraki Beraki	2020-06-24 00:00:00		
338802	Hybrid	Bay Dream Flower Vendor Sample	False	Doug Waun	2020-08-07 00:00:00		
173028	Hybrid	Beach Wedding Punch	False	Josh Udovich (ju1071)	2021-01-21 00:00:00		
173029	Hybrid	Beast Quake	False	Josh Udovich (ju1071)	2020-08-27 00:00:00		
173030	Hybrid	Beastquake	False	Josh Udovich (ju1071)	2020-07-02 00:00:00		
173031	Hybrid	Bermese	False	Josh Udovich (ju1071)	2019-12-12 00:00:00		
20766	Hybrid	BERRY BOMB Hashteroidz - Berry Bomb bud x Distill	False	Rachael Bush	2020-03-11 00:00:00		
173032	Hybrid	Berry Good	False	Josh Udovich (ju1071)	2020-02-10 00:00:00		
173033	Hybrid	Berry Head Band	False	Josh Udovich (ju1071)	2020-12-31 00:00:00		
173034	Hybrid	Berry Papaya	False	Josh Udovich (ju1071)	2020-06-10 00:00:00		
173035	Hybrid	Berry Papaya	False	Josh Udovich (ju1071)	2020-06-11 00:00:00		
173036	Hybrid	Berzerker	False	Josh Udovich (ju1071)	2019-12-12 00:00:00		
173037	Hybrid	Bham Bling	False	Josh Udovich (ju1071)	2020-08-26 00:00:00		
173038	Hybrid	Big Mac	False	Josh Udovich (ju1071)	2020-09-28 00:00:00		
453610	Hybrid	Birthday Cake Gemz	False	Dave  Comeau	2021-10-07 00:00:00		
173039	Hybrid	Bl' owen Spliffson	False	Josh Udovich (ju1071)	2020-10-05 00:00:00		
173040	Hybrid	Black 88	False	Josh Udovich (ju1071)	2019-12-09 00:00:00		
173041	Hybrid	Black Coffee	False	Josh Udovich (ju1071)	2020-11-02 00:00:00		
173042	Hybrid	Black Dosi Dos x Sunshine	False	Josh Udovich (ju1071)	2020-02-14 00:00:00		
173043	Hybrid	Black Fire OG	False	Josh Udovich (ju1071)	2020-02-07 00:00:00		
173044	Hybrid	Black Jack CBD	False	Josh Udovich (ju1071)	2020-03-26 00:00:00		
289522	Hybrid	Blackberry Trainwreck x Frankenstein x Melon Berr	False	Kyle Castro	2020-07-29 00:00:00		
173045	Hybrid	Blue Breath Mints	False	Josh Udovich (ju1071)	2020-10-13 00:00:00		
173046	Hybrid	Blue Buckeye	False	Josh Udovich (ju1071)	2020-04-16 00:00:00		
173047	Hybrid	Blue Cheese Bubble Gum	False	Josh Udovich (ju1071)	2020-02-20 00:00:00		
53147	Hybrid	Blue City Diesel	False	Ariel Cavin	2020-01-11 00:00:00		
173048	Hybrid	Blue Dream CBD	False	Josh Udovich (ju1071)	2020-01-08 00:00:00		
20767	Hybrid	Blue Dream Flower Usable Marijuana - 7g	False	Rachael Bush	2020-04-05 00:00:00		
453611	Hybrid	Blue Dream x KLP FG22 - Dorado Pure Powder Extrac	False	Dave  Comeau	2021-10-07 00:00:00		
173049	Hybrid	Blue Fuel	False	Josh Udovich (ju1071)	2021-01-06 00:00:00		
173050	Hybrid	Blue Ghost	False	Josh Udovich (ju1071)	2020-06-11 00:00:00		
173051	Hybrid	Blue Magoo Grapefruit	False	Josh Udovich (ju1071)	2019-11-08 00:00:00		
31153	Hybrid	Blue Magoo Sugar Cone	False	Ariel Cavin	2019-04-05 00:00:00		
173052	Hybrid	Blue Widow	False	Josh Udovich (ju1071)	2020-02-20 00:00:00		
314239	Hybrid	Blue Zkittlez x Gushers Gushers x Strawnana x Fat	False	Tammy Mydland	2021-01-14 00:00:00		
453612	Hybrid	Blueberry Athena Regulator Sugar Wax  1G	False	Dave  Comeau	2021-10-07 00:00:00		
173053	Hybrid	Blueberry Frost	False	Josh Udovich (ju1071)	2020-01-16 00:00:00		
173054	Hybrid	Blueberry Shortcake	False	Josh Udovich (ju1071)	2020-12-09 00:00:00		
338415	Hybrid	Blueberry Silvertip	False	Jonathan Harris	2021-10-15 00:00:00		
173055	Hybrid	Blueberry Skunk	False	Josh Udovich (ju1071)	2020-11-02 00:00:00		
290235	Hybrid	Blueberry Trainwreck	False	Michael  Smith	2021-11-04 00:00:00		
173056	Hybrid	Blueberry X Sour D	False	Josh Udovich (ju1071)	2021-01-28 00:00:00		
173057	Hybrid	Blueberry Zkittlez	False	Josh Udovich (ju1071)	2020-03-12 00:00:00		
173058	Hybrid	Blues Blend	False	Josh Udovich (ju1071)	2020-03-05 00:00:00		
173059	Hybrid	Bluezzz #5	False	Josh Udovich (ju1071)	2020-07-14 00:00:00		
173060	Hybrid	Bombinabowl Snowman	False	Josh Udovich (ju1071)	2020-12-08 00:00:00		
401367	Hybrid	Brian Berry Cough	False	Connor Parker	2020-04-10 00:00:00		
173061	Hybrid	Bruce Banner Distillate	False	Josh Udovich (ju1071)	2020-04-16 00:00:00		
173062	Hybrid	Bruce Banner Snake Oil	False	Josh Udovich (ju1071)	2020-04-02 00:00:00		
173063	Hybrid	BruceNana	False	Josh Udovich (ju1071)	2021-01-25 00:00:00		
173064	Hybrid	Bubba Monster Cookies x Purple Thai	False	Josh Udovich (ju1071)	2019-11-26 00:00:00		
173065	Hybrid	Bubba Punch	False	Josh Udovich (ju1071)	2020-06-10 00:00:00		
173066	Hybrid	Bubba Punch	False	Josh Udovich (ju1071)	2020-06-11 00:00:00		
453613	Hybrid	Bubba Punch FG15 - Dorado Amber	False	Dave  Comeau	2021-10-07 00:00:00		
173067	Hybrid	Bubba's Gift x Trophy Wife	False	Josh Udovich (ju1071)	2020-09-01 00:00:00		
173068	Hybrid	Bubble Dutch	False	Josh Udovich (ju1071)	2020-02-12 00:00:00		
223683	Hybrid	Bubblegum #5	False	Jared Dyson	2018-11-08 00:00:00		
173069	Hybrid	Bubblicious	False	Josh Udovich (ju1071)	2020-02-05 00:00:00		
173070	Hybrid	Budfest	False	Josh Udovich (ju1071)	2020-08-26 00:00:00		
173071	Hybrid	Butter Cookie	False	Josh Udovich (ju1071)	2020-08-26 00:00:00		
173072	Hybrid	Cake Mix	False	Josh Udovich (ju1071)	2020-08-04 00:00:00		
173073	Hybrid	CakeEater #2	False	Josh Udovich (ju1071)	2019-12-11 00:00:00		
173074	Hybrid	Cali Sour	False	Josh Udovich (ju1071)	2021-01-12 00:00:00		
357759	Hybrid	Candied Fruit x H-16 x Melon Cake #6 x THC Distil	False	Dawn Vernor	2020-11-03 00:00:00		
173075	Hybrid	Candied Lemons #2	False	Josh Udovich (ju1071)	2021-02-23 00:00:00		
173076	Hybrid	Candy Apple x White Tahoe Cookies	False	Josh Udovich (ju1071)	2020-02-12 00:00:00		
173077	Hybrid	Candy Rain	False	Josh Udovich (ju1071)	2020-02-12 00:00:00		
173078	Hybrid	Canna Cocktail	False	Josh Udovich (ju1071)	2020-08-21 00:00:00		
173079	Hybrid	Carnival Kush	False	Josh Udovich (ju1071)	2020-01-22 00:00:00		
173080	Hybrid	Cartoon Kush	False	Josh Udovich (ju1071)	2020-02-12 00:00:00		
317555	Hybrid	Cartridge 1g Pruf No. 115 Sonic Screwdriver	False	Hector Ramos	2021-08-20 00:00:00		
317556	Hybrid	Cartridge 1g Pruf No. 136 Five Stars 5	False	Hector Ramos	2021-08-20 00:00:00		
317557	Hybrid	Cartridge 1g Pruf No. 32 Blueberry Sorbet	False	Hector Ramos	2021-08-20 00:00:00		
173081	Hybrid	Cascade Connie	False	Josh Udovich (ju1071)	2020-06-17 00:00:00		
173082	Hybrid	Casper OG Stardust	False	Josh Udovich (ju1071)	2020-11-24 00:00:00		
173083	Hybrid	Cat Piss	False	Josh Udovich (ju1071)	2020-07-21 00:00:00		
173084	Hybrid	CBD 20:1 Vape Oil Blend PAX Ratio 20:1	False	Josh Udovich (ju1071)	2020-10-29 00:00:00		
20768	Hybrid	CBD Dream x GMO TRUFFLE PEANUT BUTTER 60mg/60mg E	False	Rachael Bush	2020-07-15 00:00:00		
453614	Hybrid	CBD RSO - CBD - 1g	False	Dave  Comeau	2021-10-07 00:00:00		
173085	Hybrid	CBD Topical Personal O Lube	False	Josh Udovich (ju1071)	2020-01-08 00:00:00		
173086	Hybrid	CBD/THC 1:1	False	Josh Udovich (ju1071)	2019-11-19 00:00:00		
173087	Hybrid	CBD/THC 1:1 (Tanker) Refine Activated Distillate	False	Josh Udovich (ju1071)	2020-05-05 00:00:00		
173088	Hybrid	CBDem Apples	False	Josh Udovich (ju1071)	2020-10-05 00:00:00		
173089	Hybrid	Champagne Cake	False	Josh Udovich (ju1071)	2020-04-17 00:00:00		
173090	Hybrid	Charisma x BLR	False	Josh Udovich (ju1071)	2020-06-10 00:00:00		
173091	Hybrid	Cheese Berry	False	Josh Udovich (ju1071)	2020-09-08 00:00:00		
173092	Hybrid	Cheese Cookies	False	Josh Udovich (ju1071)	2020-04-20 00:00:00		
173093	Hybrid	Chem Berry	False	Josh Udovich (ju1071)	2020-05-08 00:00:00		
173094	Hybrid	Chem D	False	Josh Udovich (ju1071)	2020-01-16 00:00:00		
173095	Hybrid	Chem Dog	False	Josh Udovich (ju1071)	2021-01-29 00:00:00		
173096	Hybrid	Chem I95	False	Josh Udovich (ju1071)	2019-12-19 00:00:00		
173097	Hybrid	Chem Punch	False	Josh Udovich (ju1071)	2020-01-22 00:00:00		
173098	Hybrid	Chemical Sunset HTE Panda Pod	False	Josh Udovich (ju1071)	2020-04-16 00:00:00		
173099	Hybrid	Chemmy Gibbler	False	Josh Udovich (ju1071)	2020-02-20 00:00:00		
290236	Hybrid	Chernobyl	False	Michael  Smith	2020-03-27 00:00:00		
288126	Hybrid	Chernobyl x Cookies n Cream x Elmers glue x Everg	False	Shawheen Azizi	2018-05-28 00:00:00		
173100	Hybrid	Cherry AK-47	False	Josh Udovich (ju1071)	2020-07-13 00:00:00		
173101	Hybrid	Cherry Bomb	False	Josh Udovich (ju1071)	2020-05-27 00:00:00		
173102	Hybrid	Cherry Chem	False	Josh Udovich (ju1071)	2019-11-22 00:00:00		
339438	Hybrid	Cherry Cream Pie Usable Marijuana Cherry Cream Pi	False	Scott Dekay	2021-08-02 00:00:00		
20769	Hybrid	Cherry Dosidos Flower - Cherry Dosidos - 3.5g	False	Rachael Bush	2020-03-11 00:00:00		
173103	Hybrid	Cherry Mintz	False	Josh Udovich (ju1071)	2020-09-15 00:00:00		
458319	Hybrid	Cherry Tangie	False	Todd Russell	2021-02-24 00:00:00		
173104	Hybrid	Chocolate Cough Moonmatter	False	Josh Udovich (ju1071)	2020-09-18 00:00:00		
173105	Hybrid	Chocolate Marshmallows	False	Josh Udovich (ju1071)	2020-07-01 00:00:00		
173106	Hybrid	Chromatose	False	Josh Udovich (ju1071)	2020-10-26 00:00:00		
173107	Hybrid	Chuck Norris	False	Josh Udovich (ju1071)	2021-01-15 00:00:00		
202806	Hybrid	Cindy 99	False	Inventory Numbs	2018-04-30 00:00:00		
453615	Hybrid	CINEX REGULATOR N.R. SUGAR WAX  1G	False	Dave  Comeau	2021-10-07 00:00:00		
173108	Hybrid	Citrus Pez	False	Josh Udovich (ju1071)	2020-03-27 00:00:00		
173109	Hybrid	Citrus Rush	False	Josh Udovich (ju1071)	2020-05-13 00:00:00		
173110	Hybrid	Citrus Sap	False	Josh Udovich (ju1071)	2019-12-23 00:00:00		
453616	Hybrid	Citrus Sap Custard Extract - 1g	False	Dave  Comeau	2021-10-07 00:00:00		
228084	Hybrid	Cocomero Gelatti	False	Brianna Dyson	2021-11-09 00:00:00		
173111	Hybrid	Colonel Crunch	False	Josh Udovich (ju1071)	2020-07-29 00:00:00		
173112	Hybrid	Colorado Kush	False	Josh Udovich (ju1071)	2020-02-12 00:00:00		
173113	Hybrid	Confetti Cake	False	Josh Udovich (ju1071)	2019-11-07 00:00:00		
338803	Hybrid	Constantine	False	Doug Waun	2020-09-30 00:00:00		
173114	Hybrid	Constellation Kush	False	Josh Udovich (ju1071)	2020-11-24 00:00:00		
173115	Hybrid	Cookie Heads x Roses	False	Josh Udovich (ju1071)	2020-11-25 00:00:00		
173116	Hybrid	Cookie Magic Johnson #95	False	Josh Udovich (ju1071)	2020-01-09 00:00:00		
307982	Hybrid	Cookie Ticket	False	Ariel Cavin	2020-01-28 00:00:00		
173117	Hybrid	Cookies Kush	False	Josh Udovich (ju1071)	2021-02-16 00:00:00		
173118	Hybrid	Cookies N Cream 1g	False	Josh Udovich (ju1071)	2019-12-09 00:00:00		
173119	Hybrid	Cosmic Kush X Sour D	False	Josh Udovich (ju1071)	2020-02-27 00:00:00		
173120	Hybrid	Cosmic Kush X Strawberry D	False	Josh Udovich (ju1071)	2019-12-19 00:00:00		
351956	Hybrid	County Line Kush	False	Merisa Gahan	2019-07-02 00:00:00		
173121	Hybrid	Crme-Dos	False	Josh Udovich (ju1071)	2021-02-04 00:00:00		
173122	Hybrid	Cranberry Muffin	False	Josh Udovich (ju1071)	2020-08-19 00:00:00		
173123	Hybrid	Crayzie Juice	False	Josh Udovich (ju1071)	2020-07-28 00:00:00		
173124	Hybrid	Cream Dosido	False	Josh Udovich (ju1071)	2020-10-13 00:00:00		
173125	Hybrid	Cream N Tina	False	Josh Udovich (ju1071)	2019-11-21 00:00:00		
173126	Hybrid	Cream N' Tina	False	Josh Udovich (ju1071)	2020-07-08 00:00:00		
173127	Hybrid	Creme D' Mint	False	Josh Udovich (ju1071)	2020-08-27 00:00:00		
173128	Hybrid	Creme Rose	False	Josh Udovich (ju1071)	2020-02-12 00:00:00		
173129	Hybrid	Creme Rose #2	False	Josh Udovich (ju1071)	2020-03-30 00:00:00		
173130	Hybrid	Creme Rose #2 x Gelato #41	False	Josh Udovich (ju1071)	2020-02-12 00:00:00		
173131	Hybrid	Creme Rose #4	False	Josh Udovich (ju1071)	2020-02-12 00:00:00		
173132	Hybrid	Creme Rose #4 x Gelato #41 Terp Crystals	False	Josh Udovich (ju1071)	2020-02-12 00:00:00		
173133	Hybrid	Creme Rose x Dosido	False	Josh Udovich (ju1071)	2020-02-12 00:00:00		
453617	Hybrid	CRITICAL MASS Regulator Sugar Wax  1G	False	Dave  Comeau	2021-10-07 00:00:00		
282286	Hybrid	Crockett Confidential	False	Adam Ashley	2018-09-03 00:00:00		
173134	Hybrid	Crunch Berries	False	Josh Udovich (ju1071)	2020-10-26 00:00:00		
173135	Hybrid	Ctrl Alt Delete Crumbs	False	Josh Udovich (ju1071)	2020-10-30 00:00:00		
173136	Hybrid	DABSTRACT Star Pebbles Pax Pod .5g	False	Josh Udovich (ju1071)	2020-12-30 00:00:00		
173137	Hybrid	Dank Dough	False	Josh Udovich (ju1071)	2020-11-16 00:00:00		
173138	Hybrid	Dank Sinatra	False	Josh Udovich (ju1071)	2020-10-05 00:00:00		
453618	Hybrid	Deaf Punch Special Batch #8 FG25	False	Dave  Comeau	2021-10-07 00:00:00		
317558	Hybrid	Decibel 90 Live Rosin Banana Punch 1G	False	Hector Ramos	2021-06-04 00:00:00		
317559	Hybrid	Decibel 90 Live Rosin Choco Bonkers 1G	False	Hector Ramos	2021-06-04 00:00:00		
317560	Hybrid	Decibel 90 Live Rosin Donkey Butter 1G	False	Hector Ramos	2021-06-04 00:00:00		
317561	Hybrid	Decibel 90 Live Rosin Mr. Clean 1G	False	Hector Ramos	2021-06-04 00:00:00		
317562	Hybrid	Decibel 90 Live Rosin Rotten Bananas 1G	False	Hector Ramos	2021-06-04 00:00:00		
317563	Hybrid	Decibel LOUDS - Banana Punch 1G IPR	False	Hector Ramos	2021-06-04 00:00:00		
173139	Hybrid	Diesel Dough	False	Josh Udovich (ju1071)	2020-03-16 00:00:00		
173140	Hybrid	Dirty Donut	False	Josh Udovich (ju1071)	2021-02-23 00:00:00		
173141	Hybrid	Dirty Girl Ikrusher Disposable	False	Josh Udovich (ju1071)	2021-01-15 00:00:00		
173142	Hybrid	Divine Kush	False	Josh Udovich (ju1071)	2020-02-21 00:00:00		
173143	Hybrid	Dog Walker X Dog Walker	False	Josh Udovich (ju1071)	2020-01-10 00:00:00		
173144	Hybrid	Dog Walker X G.M.O.	False	Josh Udovich (ju1071)	2020-03-11 00:00:00		
338804	Hybrid	Dolato Lazy Bee	False	Doug Waun	2020-08-20 00:00:00		
173145	Hybrid	Dos Bastards	False	Josh Udovich (ju1071)	2020-07-08 00:00:00		
173146	Hybrid	Dosi OG	False	Josh Udovich (ju1071)	2020-01-08 00:00:00		
173147	Hybrid	Dosi Punch	False	Josh Udovich (ju1071)	2020-04-30 00:00:00		
173148	Hybrid	Dosi-lime	False	Josh Udovich (ju1071)	2020-08-21 00:00:00		
173149	Hybrid	Dosi-lime Fire	False	Josh Udovich (ju1071)	2020-08-10 00:00:00		
173150	Hybrid	Dosido Cookies	False	Josh Udovich (ju1071)	2019-11-27 00:00:00		
228085	Hybrid	Dosidoe x Koloa Sherbert	False	Brianna Dyson	2020-12-16 00:00:00		
20770	Hybrid	Dosidos Pre-roll - Dosidos - 1g	False	Rachael Bush	2020-03-11 00:00:00		
173151	Hybrid	Double Strawberry Diesel	False	Josh Udovich (ju1071)	2020-05-13 00:00:00		
173152	Hybrid	Double Stuffed	False	Josh Udovich (ju1071)	2020-09-18 00:00:00		
173153	Hybrid	Double up Mintz	False	Josh Udovich (ju1071)	2020-04-14 00:00:00		
173154	Hybrid	Double up Mintz CBD	False	Josh Udovich (ju1071)	2020-04-14 00:00:00		
173155	Hybrid	Dragon Balm	False	Josh Udovich (ju1071)	2020-01-03 00:00:00		
453619	Hybrid	Dragon Berry 3.5g Flower Usable Marijuana - 3.5g	False	Dave  Comeau	2021-10-07 00:00:00		
173156	Hybrid	Dragon Crack	False	Josh Udovich (ju1071)	2019-11-19 00:00:00		
173157	Hybrid	Dragon's Breath x Magnum PI	False	Josh Udovich (ju1071)	2020-02-12 00:00:00		
173158	Hybrid	Dragons Breath	False	Josh Udovich (ju1071)	2019-11-26 00:00:00		
173159	Hybrid	Dreadbread	False	Josh Udovich (ju1071)	2020-07-28 00:00:00		
173160	Hybrid	Dream N' Sour	False	Josh Udovich (ju1071)	2020-03-06 00:00:00		
173161	Hybrid	Driving Mrs. Panda	False	Josh Udovich (ju1071)	2021-02-09 00:00:00		
173162	Hybrid	Duckabush Kush	False	Josh Udovich (ju1071)	2021-02-04 00:00:00		
173163	Hybrid	Duct Tape	False	Josh Udovich (ju1071)	2019-11-13 00:00:00		
173164	Hybrid	Durban Diesel	False	Josh Udovich (ju1071)	2019-12-23 00:00:00		
173165	Hybrid	Durban Skunk	False	Josh Udovich (ju1071)	2020-06-03 00:00:00		
173166	Hybrid	Dutch Apple	False	Josh Udovich (ju1071)	2020-05-13 00:00:00		
173167	Hybrid	Dutch Daddy	False	Josh Udovich (ju1071)	2020-11-02 00:00:00		
173168	Hybrid	Dutch Delight	False	Josh Udovich (ju1071)	2019-11-26 00:00:00		
173169	Hybrid	Dutch Dragon	False	Josh Udovich (ju1071)	2019-11-20 00:00:00		
173170	Hybrid	Dutch Gummy Bears	False	Josh Udovich (ju1071)	2020-01-17 00:00:00		
173171	Hybrid	Dutch Treat CBD	False	Josh Udovich (ju1071)	2020-01-08 00:00:00		
173172	Hybrid	Elmers Glue #7	False	Josh Udovich (ju1071)	2019-11-12 00:00:00		
173173	Hybrid	Elphinstone	False	Josh Udovich (ju1071)	2020-07-28 00:00:00		
173174	Hybrid	Emerald Sour	False	Josh Udovich (ju1071)	2021-01-06 00:00:00		
173175	Hybrid	Envy Orange OG	False	Josh Udovich (ju1071)	2020-02-13 00:00:00		
173176	Hybrid	Ethiopian Banana	False	Josh Udovich (ju1071)	2020-06-12 00:00:00		
173177	Hybrid	Experiment 627	False	Josh Udovich (ju1071)	2020-10-05 00:00:00		
173178	Hybrid	Farmer's Fire	False	Josh Udovich (ju1071)	2020-07-08 00:00:00		
173179	Hybrid	Fifth Element	False	Josh Udovich (ju1071)	2021-01-20 00:00:00		
173180	Hybrid	Fifth of Jack	False	Josh Udovich (ju1071)	2021-01-15 00:00:00		
173181	Hybrid	Fire Alien Romulan	False	Josh Udovich (ju1071)	2020-10-13 00:00:00		
173182	Hybrid	FIRE Modified Grapes Pre-Roll 5pk 2.5g	False	Josh Udovich (ju1071)	2021-01-22 00:00:00		
173183	Hybrid	Flavor Crystals	False	Josh Udovich (ju1071)	2020-11-23 00:00:00		
173184	Hybrid	Fleetwood MAC	False	Josh Udovich (ju1071)	2020-04-29 00:00:00		
173185	Hybrid	Florida Glue	False	Josh Udovich (ju1071)	2021-02-02 00:00:00		
173186	Hybrid	Forbidden 41	False	Josh Udovich (ju1071)	2020-02-12 00:00:00		
173187	Hybrid	Forbidden Fruit Custard	False	Josh Udovich (ju1071)	2020-05-15 00:00:00		
173188	Hybrid	Forbidden Zkittlez	False	Josh Udovich (ju1071)	2020-02-20 00:00:00		
173189	Hybrid	French Toast LIVE	False	Josh Udovich (ju1071)	2020-02-11 00:00:00		
173190	Hybrid	Frosted Apricots	False	Josh Udovich (ju1071)	2020-02-24 00:00:00		
173191	Hybrid	Frosted Diesel	False	Josh Udovich (ju1071)	2020-11-25 00:00:00		
173192	Hybrid	Frosted Dreams	False	Josh Udovich (ju1071)	2020-08-20 00:00:00		
173193	Hybrid	Frosted Lemon Cake	False	Josh Udovich (ju1071)	2019-12-31 00:00:00		
338805	Hybrid	Frosted Lemons	False	Doug Waun	2020-10-19 00:00:00		
173194	Hybrid	Frosty Lemonade	False	Josh Udovich (ju1071)	2019-11-18 00:00:00		
173195	Hybrid	Fruit Cake	False	Josh Udovich (ju1071)	2020-02-12 00:00:00		
173196	Hybrid	Fruit Medley	False	Josh Udovich (ju1071)	2019-12-23 00:00:00		
173197	Hybrid	Fruity Pebblez Dorado Diamonds	False	Josh Udovich (ju1071)	2020-04-27 00:00:00		
173198	Hybrid	Funky Boss	False	Josh Udovich (ju1071)	2021-02-23 00:00:00		
173199	Hybrid	G.A.S.	False	Josh Udovich (ju1071)	2020-08-27 00:00:00		
173200	Hybrid	G.G. Kush x White Tahoe Cookies	False	Josh Udovich (ju1071)	2020-01-08 00:00:00		
173201	Hybrid	G.M.O.	False	Josh Udovich (ju1071)	2021-01-28 00:00:00		
173202	Hybrid	G.S.C. x Headwaters Sour D	False	Josh Udovich (ju1071)	2020-11-25 00:00:00		
173203	Hybrid	G.S.C. x Lime Vines	False	Josh Udovich (ju1071)	2020-11-25 00:00:00		
173204	Hybrid	G.S.C. x Roses	False	Josh Udovich (ju1071)	2020-11-25 00:00:00		
173205	Hybrid	G6 Jet Fuel	False	Josh Udovich (ju1071)	2020-07-30 00:00:00		
173206	Hybrid	G6 Jetfuel	False	Josh Udovich (ju1071)	2020-02-11 00:00:00		
173207	Hybrid	Galactic Milkshake	False	Josh Udovich (ju1071)	2020-04-13 00:00:00		
173208	Hybrid	Galactic Runtz	False	Josh Udovich (ju1071)	2021-01-20 00:00:00		
173209	Hybrid	Garanimals	False	Josh Udovich (ju1071)	2020-03-26 00:00:00		
173210	Hybrid	Garlic Glue	False	Josh Udovich (ju1071)	2020-09-09 00:00:00		
173211	Hybrid	Garlic Margy	False	Josh Udovich (ju1071)	2020-05-06 00:00:00		
173212	Hybrid	Garlic Mintz	False	Josh Udovich (ju1071)	2020-09-15 00:00:00		
173213	Hybrid	Garlic Zkittles	False	Josh Udovich (ju1071)	2021-01-15 00:00:00		
228086	Hybrid	Garlicmints	False	Brianna Dyson	2021-02-05 00:00:00		
173214	Hybrid	Gary Payton	False	Josh Udovich (ju1071)	2020-04-29 00:00:00		
173215	Hybrid	Gasoline Zest	False	Josh Udovich (ju1071)	2020-05-15 00:00:00		
173216	Hybrid	Gelato #33	False	Josh Udovich (ju1071)	2020-02-11 00:00:00		
173217	Hybrid	Gelato 33 X GDP	False	Josh Udovich (ju1071)	2020-12-11 00:00:00		
198157	Hybrid	Gelato Cake x ICE x Purple Mermaid x Purple Pinea	False	Judy Sam	2020-02-23 00:00:00		
453620	Hybrid	Gelato FG22 - Dorado Pure Powder Extract for inha	False	Dave  Comeau	2021-10-07 00:00:00		
173218	Hybrid	Gelato Z	False	Josh Udovich (ju1071)	2020-07-07 00:00:00		
282287	Hybrid	Gelatti #91	False	Adam Ashley	2021-05-20 00:00:00		
173219	Hybrid	Gelfling	False	Josh Udovich (ju1071)	2020-10-30 00:00:00		
173220	Hybrid	Gello	False	Josh Udovich (ju1071)	2020-08-04 00:00:00		
173221	Hybrid	Gello Gelato	False	Josh Udovich (ju1071)	2020-08-31 00:00:00		
20771	Hybrid	Gemini Sativa- Cinex Infused Preroll 1g	False	Rachael Bush	2020-06-24 00:00:00		
453621	Hybrid	Georgia Pie	False	Dave  Comeau	2021-10-07 00:00:00		
173222	Hybrid	GG # 4	False	Josh Udovich (ju1071)	2020-01-16 00:00:00		
228087	Hybrid	GG #4 Vendor Sample Extract .5g	False	Brianna Dyson	2020-04-17 00:00:00		
453622	Hybrid	GG#4 REGULATOR N.R. SUGAR WAX  1G	False	Dave  Comeau	2021-10-07 00:00:00		
173223	Hybrid	GG4 MD	False	Josh Udovich (ju1071)	2020-04-09 00:00:00		
173224	Hybrid	Ghastly Cinderella	False	Josh Udovich (ju1071)	2020-09-18 00:00:00		
173225	Hybrid	Ghost Moonshine	False	Josh Udovich (ju1071)	2019-11-25 00:00:00		
173226	Hybrid	Ghost OG x Cherry Pie	False	Josh Udovich (ju1071)	2019-12-10 00:00:00		
173227	Hybrid	Ghost Pound	False	Josh Udovich (ju1071)	2020-07-17 00:00:00		
453623	Hybrid	Girl Scout Master 3.5g Flower Usable Marijuana -	False	Dave  Comeau	2021-10-07 00:00:00		
173228	Hybrid	Glasswork OG	False	Josh Udovich (ju1071)	2020-05-28 00:00:00		
173229	Hybrid	Globcester Cheese	False	Josh Udovich (ju1071)	2020-12-08 00:00:00		
173230	Hybrid	Glucifer OG	False	Josh Udovich (ju1071)	2020-06-15 00:00:00		
173231	Hybrid	Glue #4	False	Josh Udovich (ju1071)	2019-11-20 00:00:00		
173232	Hybrid	GMO x Jungle Cake	False	Josh Udovich (ju1071)	2020-11-03 00:00:00		
173233	Hybrid	GMO x Jungle Cake Reserve PH	False	Josh Udovich (ju1071)	2020-04-24 00:00:00		
173234	Hybrid	GMO x Jungle Cakes	False	Josh Udovich (ju1071)	2020-04-16 00:00:00		
173235	Hybrid	Gnarwhal	False	Josh Udovich (ju1071)	2019-11-18 00:00:00		
173236	Hybrid	Godfather Kush	False	Josh Udovich (ju1071)	2020-03-12 00:00:00		
173237	Hybrid	Goji Nepali	False	Josh Udovich (ju1071)	2020-07-28 00:00:00		
173238	Hybrid	Golden Hour Power Lite	False	Josh Udovich (ju1071)	2020-04-30 00:00:00		
173239	Hybrid	Golden Lemon	False	Josh Udovich (ju1071)	2020-08-20 00:00:00		
173240	Hybrid	Golden Lemons HTE Panda Pen	False	Josh Udovich (ju1071)	2020-04-16 00:00:00		
453624	Hybrid	Golden Pineapple Golden Pineapple Cartridge 0.5g	False	Dave  Comeau	2021-10-07 00:00:00		
173241	Hybrid	Golden Sunset	False	Josh Udovich (ju1071)	2020-06-15 00:00:00		
453625	Hybrid	Good Luck 3.5g Flower Usable Marijuana - 3.5g	False	Dave  Comeau	2021-10-07 00:00:00		
173242	Hybrid	Gorilla Glue #4 Cartridge	False	Josh Udovich (ju1071)	2020-01-08 00:00:00		
173243	Hybrid	Gorilla Glue Breath	False	Josh Udovich (ju1071)	2020-01-17 00:00:00		
173244	Hybrid	Gorilla Guice	False	Josh Udovich (ju1071)	2020-05-14 00:00:00		
456946	Hybrid	Gorilla Scout Live Resin	False	Beraki Beraki	2020-06-24 00:00:00		
330913	Hybrid	Grand Daddy Purple	False	Richard Min	2016-03-24 00:00:00		
173245	Hybrid	Grand Daddy's Reserve	False	Josh Udovich (ju1071)	2020-05-18 00:00:00		
173246	Hybrid	Grand Slam #2	False	Josh Udovich (ju1071)	2020-06-15 00:00:00		
173247	Hybrid	Granddaddy Purple Distillate	False	Josh Udovich (ju1071)	2020-06-24 00:00:00		
173248	Hybrid	Granny Derkle	False	Josh Udovich (ju1071)	2021-01-06 00:00:00		
212369	Hybrid	Grape Durbs	False	Raymond Alloway	2021-12-01 00:00:00		
173249	Hybrid	Grape Runtz	False	Josh Udovich (ju1071)	2021-01-20 00:00:00		
173250	Hybrid	Grape Sundae	False	Josh Udovich (ju1071)	2020-02-24 00:00:00		
173251	Hybrid	Grape Tahoe	False	Josh Udovich (ju1071)	2019-12-09 00:00:00		
289523	Hybrid	Grape Zskittles	False	Kyle Castro	2021-10-24 00:00:00		
173252	Hybrid	Grapefruit Kush	False	Josh Udovich (ju1071)	2020-12-08 00:00:00		
203443	Hybrid	Grapefruit x Cookies & Cream	False	Antyn Vejil	2021-09-11 00:00:00		
173253	Hybrid	Grease Monkey x Duct Tape	False	Josh Udovich (ju1071)	2020-10-13 00:00:00		
228088	Hybrid	Green Fire OG X GMO	False	Brianna Dyson	2021-03-03 00:00:00		
307983	Hybrid	Green Goddess 1g	False	Ariel Cavin	2019-08-10 00:00:00		
173254	Hybrid	Green Kush	False	Josh Udovich (ju1071)	2020-02-10 00:00:00		
173255	Hybrid	Green Queen Og	False	Josh Udovich (ju1071)	2019-11-19 00:00:00		
173256	Hybrid	Green Spirit	False	Josh Udovich (ju1071)	2020-08-12 00:00:00		
173257	Hybrid	Groovy Grape	False	Josh Udovich (ju1071)	2020-11-18 00:00:00		
173258	Hybrid	Gusher	False	Josh Udovich (ju1071)	2020-12-14 00:00:00		
357760	Hybrid	H-16 x Pink Bubba x Super Sour Skunk x Strain X x	False	Dawn Vernor	2020-11-03 00:00:00		
173259	Hybrid	Hamma Hamma	False	Josh Udovich (ju1071)	2021-02-22 00:00:00		
173260	Hybrid	Hammer 47	False	Josh Udovich (ju1071)	2020-01-13 00:00:00		
173261	Hybrid	Hammer Head	False	Josh Udovich (ju1071)	2020-08-17 00:00:00		
173262	Hybrid	Happy Camp	False	Josh Udovich (ju1071)	2020-01-03 00:00:00		
173263	Hybrid	Harlequin's Reserve	False	Josh Udovich (ju1071)	2020-07-28 00:00:00		
173264	Hybrid	Harley Tsu	False	Josh Udovich (ju1071)	2021-02-05 00:00:00		
173265	Hybrid	Haste	False	Josh Udovich (ju1071)	2020-10-13 00:00:00		
173266	Hybrid	Hat Trick	False	Josh Udovich (ju1071)	2021-01-27 00:00:00		
453626	Hybrid	HATERADE Haterade Icing 1g PP	False	Dave  Comeau	2021-10-07 00:00:00		
173267	Hybrid	Hawaiian Gold	False	Josh Udovich (ju1071)	2020-07-21 00:00:00		
173268	Hybrid	Hawaiian Haze	False	Josh Udovich (ju1071)	2020-07-28 00:00:00		
173269	Hybrid	Hazed And Confused	False	Josh Udovich (ju1071)	2020-03-27 00:00:00		
173270	Hybrid	Hazmat OG	False	Josh Udovich (ju1071)	2020-10-13 00:00:00		
173271	Hybrid	Head Space	False	Josh Udovich (ju1071)	2020-10-27 00:00:00		
173272	Hybrid	Headband CBD	False	Josh Udovich (ju1071)	2019-12-12 00:00:00		
173273	Hybrid	Headwaterz Diesel	False	Josh Udovich (ju1071)	2020-03-12 00:00:00		
173274	Hybrid	Hi-Biscus	False	Josh Udovich (ju1071)	2021-01-22 00:00:00		
173275	Hybrid	High Life	False	Josh Udovich (ju1071)	2020-07-14 00:00:00		
453627	Hybrid	Hindu Kush SPP SHATTER JOINT  1G	False	Dave  Comeau	2021-10-07 00:00:00		
282288	Hybrid	Hindu Kush X Plushberry	False	Adam Ashley	2019-04-09 00:00:00		
173276	Hybrid	Hippie Crippler	False	Josh Udovich (ju1071)	2020-06-05 00:00:00		
173277	Hybrid	Hippie Crippler	False	Josh Udovich (ju1071)	2021-02-05 00:00:00		
173278	Hybrid	Homesteader	False	Josh Udovich (ju1071)	2020-07-20 00:00:00		
173279	Hybrid	Honey Dew	False	Josh Udovich (ju1071)	2020-12-11 00:00:00		
317564	Hybrid	House PR - Cake Crashers #2 .5g	False	Hector Ramos	2021-08-24 00:00:00		
317565	Hybrid	House PR - Cherry Diesel .5g	False	Hector Ramos	2021-08-24 00:00:00		
317566	Hybrid	House PR - Ice Bomb .5g	False	Hector Ramos	2021-08-24 00:00:00		
317567	Hybrid	House PR - Notorious .5g	False	Hector Ramos	2021-08-24 00:00:00		
317568	Hybrid	House PR - Tangie - .5g	False	Hector Ramos	2021-08-24 00:00:00		
317569	Hybrid	House PR - Thin Mint GSO	False	Hector Ramos	2021-08-24 00:00:00		
317570	Hybrid	House Pr .5G - Apple Fritter	False	Hector Ramos	2021-08-23 00:00:00		
317571	Hybrid	House Pr .5G - Secret Formula	False	Hector Ramos	2021-08-23 00:00:00		
290237	Hybrid	Huckleberry	False	Michael  Smith	2020-03-09 00:00:00		
173280	Hybrid	Huckleberry High	False	Josh Udovich (ju1071)	2021-01-25 00:00:00		
173281	Hybrid	Huckleberry Soda #4 7g Sugarbabies	False	Josh Udovich (ju1071)	2019-12-09 00:00:00		
338068	Hybrid	Ice Cream Cake #2	False	Marlin Guillen	2020-11-03 00:00:00		
453628	Hybrid	Ice Cream Cake SPP SHATTER JOINT  1G	False	Dave  Comeau	2021-10-07 00:00:00		
173282	Hybrid	Ice Cream Cake x Gelato 33	False	Josh Udovich (ju1071)	2020-04-14 00:00:00		
338069	Hybrid	ICE CREAM COOKIES	False	Marlin Guillen	2021-01-13 00:00:00		
282289	Hybrid	Ice Cream Sandwich	False	Adam Ashley	2019-07-24 00:00:00		
173283	Hybrid	Icecream Cake #1	False	Josh Udovich (ju1071)	2020-06-23 00:00:00		
173284	Hybrid	ICED Grapefruit	False	Josh Udovich (ju1071)	2020-02-21 00:00:00		
173285	Hybrid	Icicle Guava Cake	False	Josh Udovich (ju1071)	2021-01-04 00:00:00		
338806	Hybrid	immaneedabouttreefiddy Infused Joint Educational	False	Doug Waun	2020-08-07 00:00:00		
453629	Hybrid	Indica RSO - ATF - 1g	False	Dave  Comeau	2021-10-07 00:00:00		
173286	Hybrid	Irene Apricot	False	Josh Udovich (ju1071)	2020-01-08 00:00:00		
173287	Hybrid	Iron Maiden	False	Josh Udovich (ju1071)	2019-11-27 00:00:00		
173288	Hybrid	Jack 47	False	Josh Udovich (ju1071)	2020-01-13 00:00:00		
173289	Hybrid	Jack Frost	False	Josh Udovich (ju1071)	2020-12-09 00:00:00		
290238	Hybrid	Jack Frost CBG	False	Michael  Smith	2021-11-04 00:00:00		
290239	Hybrid	Jack OG	False	Michael  Smith	2020-03-09 00:00:00		
453630	Hybrid	Jack The Ripper Fire 5 Pack PR 2.5g	False	Dave  Comeau	2021-10-07 00:00:00		
173290	Hybrid	Jamaican Gelato	False	Josh Udovich (ju1071)	2020-04-10 00:00:00		
365487	Hybrid	Jamaican Jonez	False	Mike Ogden	2018-05-02 00:00:00		
338807	Hybrid	Jeff Blazos Infused Joint	False	Doug Waun	2020-08-07 00:00:00		
173291	Hybrid	Jelly Biscuit #2	False	Josh Udovich (ju1071)	2020-10-26 00:00:00		
173292	Hybrid	Jet Fuel Mai Tai	False	Josh Udovich (ju1071)	2019-11-20 00:00:00		
173293	Hybrid	JF x ATF	False	Josh Udovich (ju1071)	2020-06-05 00:00:00		
173294	Hybrid	Jr	False	Josh Udovich (ju1071)	2020-10-30 00:00:00		
173295	Hybrid	Juicy ATF	False	Josh Udovich (ju1071)	2020-09-30 00:00:00		
173296	Hybrid	Jungle Punch #8	False	Josh Udovich (ju1071)	2020-10-02 00:00:00		
317572	Hybrid	K-smores #10	False	Hector Ramos	2021-09-23 00:00:00		
173297	Hybrid	Kendo Cookies Pre-Roll	False	Josh Udovich (ju1071)	2020-01-09 00:00:00		
453631	Hybrid	Key Lime Cookies Fire 5 Pack PR 2.5g	False	Dave  Comeau	2021-10-07 00:00:00		
173298	Hybrid	Key Lime Diesel	False	Josh Udovich (ju1071)	2020-07-23 00:00:00		
453632	Hybrid	Key Lime Dream	False	Dave  Comeau	2021-10-07 00:00:00		
173299	Hybrid	Key Lime Grape	False	Josh Udovich (ju1071)	2020-07-07 00:00:00		
453633	Hybrid	Key Lime Grape Cel-Moroccan Hash	False	Dave  Comeau	2021-10-07 00:00:00		
453634	Hybrid	Key Lime Grape Fire 5 Pack PR 2.5g	False	Dave  Comeau	2021-10-07 00:00:00		
173300	Hybrid	Key Lime Strawberry	False	Josh Udovich (ju1071)	2020-02-20 00:00:00		
453635	Hybrid	Key Lime Strawberry Fire 5 Pack PR 2.5g	False	Dave  Comeau	2021-10-07 00:00:00		
290240	Hybrid	Killer Bread Hash Infused TreeRoll	False	Michael  Smith	2021-11-19 00:00:00		
173301	Hybrid	KING LOUIS XIII	False	Josh Udovich (ju1071)	2020-04-13 00:00:00		
173302	Hybrid	King Mamba	False	Josh Udovich (ju1071)	2020-04-14 00:00:00		
173303	Hybrid	Koffee Breath	False	Josh Udovich (ju1071)	2020-02-25 00:00:00		
173304	Hybrid	Kosher Fruit	False	Josh Udovich (ju1071)	2021-02-05 00:00:00		
173305	Hybrid	Kosher Grandpa	False	Josh Udovich (ju1071)	2020-10-13 00:00:00		
173306	Hybrid	Kosher Lime Pie	False	Josh Udovich (ju1071)	2020-12-14 00:00:00		
173307	Hybrid	Kosher Sorbet	False	Josh Udovich (ju1071)	2019-12-23 00:00:00		
173308	Hybrid	Kush Bread	False	Josh Udovich (ju1071)	2020-10-15 00:00:00		
307984	Hybrid	Kush Deal$	False	Ariel Cavin	2020-01-28 00:00:00		
173309	Hybrid	Kushwrecked	False	Josh Udovich (ju1071)	2020-02-08 00:00:00		
173310	Hybrid	L.A. Confidential	False	Josh Udovich (ju1071)	2020-06-22 00:00:00		
365488	Hybrid	L.A. Confidential X Grape Skunk X Hippie Crippler	False	Mike Ogden	2020-04-03 00:00:00		
173311	Hybrid	L.A. Pop Rockz	False	Josh Udovich (ju1071)	2020-06-19 00:00:00		
173312	Hybrid	La Kush Cake	False	Josh Udovich (ju1071)	2020-02-05 00:00:00		
20772	Hybrid	LAGG	False	Rachael Bush	2018-08-02 00:00:00		
173313	Hybrid	Lava Cake	False	Josh Udovich (ju1071)	2021-01-29 00:00:00		
357761	Hybrid	Lavender  1g Wax ( Legion of Plume )	False	Dawn Vernor	2018-10-23 00:00:00		
173314	Hybrid	Lavender Cake	False	Josh Udovich (ju1071)	2020-01-14 00:00:00		
173315	Hybrid	Leeroy Dankins	False	Josh Udovich (ju1071)	2020-08-31 00:00:00		
173316	Hybrid	Legendary Watermelon	False	Josh Udovich (ju1071)	2020-02-20 00:00:00		
173317	Hybrid	Lemon Birthday Cake	False	Josh Udovich (ju1071)	2021-01-20 00:00:00		
173318	Hybrid	Lemon Bubble	False	Josh Udovich (ju1071)	2020-04-01 00:00:00		
173319	Hybrid	Lemon Butter Co2	False	Josh Udovich (ju1071)	2020-07-02 00:00:00		
173320	Hybrid	Lemon Garlic	False	Josh Udovich (ju1071)	2019-12-12 00:00:00		
173321	Hybrid	Lemon God	False	Josh Udovich (ju1071)	2020-11-18 00:00:00		
228089	Hybrid	Lemon Grape Cookies	False	Brianna Dyson	2021-01-15 00:00:00		
173322	Hybrid	Lemon Larry	False	Josh Udovich (ju1071)	2020-08-20 00:00:00		
173323	Hybrid	Lemon Lime Punch	False	Josh Udovich (ju1071)	2020-08-20 00:00:00		
338808	Hybrid	Lemon OG Haze	False	Doug Waun	2020-10-21 00:00:00		
173324	Hybrid	Lemon OG Kush	False	Josh Udovich (ju1071)	2020-07-03 00:00:00		
330282	Hybrid	Lemon OG Red Label	False	Heidi Ross	2019-06-29 00:00:00		
173325	Hybrid	Lemon OG x Purps	False	Josh Udovich (ju1071)	2019-11-07 00:00:00		
173326	Hybrid	Lemon Skunk CBD	False	Josh Udovich (ju1071)	2020-01-03 00:00:00		
173327	Hybrid	Lemon Sugar Koosh Lemon Sugar Koosh Bong Buddies	False	Josh Udovich (ju1071)	2020-06-23 00:00:00		
357762	Hybrid	Lemonade	False	Dawn Vernor	2018-02-12 00:00:00		
453636	Hybrid	Lemonade Z Dorado Diamonds n' Sauce PR 0.8g	False	Dave  Comeau	2021-10-07 00:00:00		
173328	Hybrid	Lemonchello	False	Josh Udovich (ju1071)	2020-01-15 00:00:00		
173329	Hybrid	Lighten Up #1	False	Josh Udovich (ju1071)	2021-01-08 00:00:00		
317573	Hybrid	Lime Breath OG	False	Hector Ramos	2019-10-10 00:00:00		
173330	Hybrid	LL44/6	False	Josh Udovich (ju1071)	2020-12-08 00:00:00		
20773	Hybrid	London Bridge Joints HOC PreRolls (2 x 0.5) Usabl	False	Rachael Bush	2020-03-12 00:00:00		
173331	Hybrid	London Kush Mintz	False	Josh Udovich (ju1071)	2020-09-09 00:00:00		
31154	Hybrid	Lost Coast	False	Ariel Cavin	2018-03-16 00:00:00		
173332	Hybrid	Lost Daddy	False	Josh Udovich (ju1071)	2020-07-23 00:00:00		
173333	Hybrid	Lost My Keys	False	Josh Udovich (ju1071)	2019-12-13 00:00:00		
173334	Hybrid	Lost Urkle	False	Josh Udovich (ju1071)	2019-12-09 00:00:00		
173335	Hybrid	Loud Dream	False	Josh Udovich (ju1071)	2019-12-09 00:00:00		
282290	Hybrid	Love Potion	False	Adam Ashley	2020-09-01 00:00:00		
173336	Hybrid	Love Potion #9	False	Josh Udovich (ju1071)	2020-02-04 00:00:00		
173337	Hybrid	LSD X LS	False	Josh Udovich (ju1071)	2020-08-04 00:00:00		
173338	Hybrid	LSD x White Cookies Moonmatter	False	Josh Udovich (ju1071)	2020-09-01 00:00:00		
173339	Hybrid	Lust	False	Josh Udovich (ju1071)	2021-01-19 00:00:00		
173340	Hybrid	M.A.C.	False	Josh Udovich (ju1071)	2020-08-04 00:00:00		
173341	Hybrid	MAC 1	False	Josh Udovich (ju1071)	2020-02-05 00:00:00		
173342	Hybrid	Mac 1 Sugar Wax 1g	False	Josh Udovich (ju1071)	2020-03-18 00:00:00		
173343	Hybrid	Mac 2	False	Josh Udovich (ju1071)	2020-06-15 00:00:00		
173344	Hybrid	Mac and Cheese	False	Josh Udovich (ju1071)	2020-03-18 00:00:00		
173345	Hybrid	MAC F3 #5	False	Josh Udovich (ju1071)	2020-08-31 00:00:00		
173346	Hybrid	Mac N' Cheese	False	Josh Udovich (ju1071)	2020-06-12 00:00:00		
173347	Hybrid	Macadamia Nut/Indica	False	Josh Udovich (ju1071)	2020-04-13 00:00:00		
173348	Hybrid	Macaritaz	False	Josh Udovich (ju1071)	2020-07-06 00:00:00		
173349	Hybrid	Maconga	False	Josh Udovich (ju1071)	2020-09-16 00:00:00		
468644	Hybrid	Magneto Private Reserve 1g	False	Josh Thompson	2020-02-01 00:00:00		
173350	Hybrid	Magnum Opus	False	Josh Udovich (ju1071)	2020-06-12 00:00:00		
173351	Hybrid	Maitai	False	Josh Udovich (ju1071)	2020-09-09 00:00:00		
173352	Hybrid	Malibu Marsha	False	Josh Udovich (ju1071)	2021-01-20 00:00:00		
173353	Hybrid	Mandarin Cream Cheese	False	Josh Udovich (ju1071)	2020-08-12 00:00:00		
173354	Hybrid	Mandarin Haze	False	Josh Udovich (ju1071)	2020-11-02 00:00:00		
173355	Hybrid	Mango Mintz	False	Josh Udovich (ju1071)	2020-09-08 00:00:00		
173356	Hybrid	Maraschino Sunrise	False	Josh Udovich (ju1071)	2021-01-20 00:00:00		
173357	Hybrid	Margarita	False	Josh Udovich (ju1071)	2021-01-29 00:00:00		
173358	Hybrid	Maroon Baboon	False	Josh Udovich (ju1071)	2021-01-20 00:00:00		
173359	Hybrid	Master Yoda	False	Josh Udovich (ju1071)	2020-09-02 00:00:00		
282291	Hybrid	Maui	False	Adam Ashley	2019-04-29 00:00:00		
173360	Hybrid	Maui Haze	False	Josh Udovich (ju1071)	2021-01-14 00:00:00		
453637	Hybrid	Maui Maui 1g	False	Dave  Comeau	2021-10-07 00:00:00		
173361	Hybrid	Maui Pineapple	False	Josh Udovich (ju1071)	2020-03-31 00:00:00		
173362	Hybrid	Maui Wowie	False	Josh Udovich (ju1071)	2020-04-07 00:00:00		
173363	Hybrid	Medellin	False	Josh Udovich (ju1071)	2020-09-09 00:00:00		
173364	Hybrid	Medusa	False	Josh Udovich (ju1071)	2019-11-12 00:00:00		
290241	Hybrid	Melon Cookies	False	Michael  Smith	2021-09-01 00:00:00		
173365	Hybrid	Melon Zookies	False	Josh Udovich (ju1071)	2020-05-29 00:00:00		
173366	Hybrid	Mendo Skunk	False	Josh Udovich (ju1071)	2020-12-30 00:00:00		
173367	Hybrid	Midnight Sherbet	False	Josh Udovich (ju1071)	2020-02-21 00:00:00		
20774	Hybrid	MIDNIGHT SPLENDOR Sikarillo - Midnight Splendor B	False	Rachael Bush	2020-03-11 00:00:00		
173368	Hybrid	Mike's Strawberry Lemonade	False	Josh Udovich (ju1071)	2021-01-20 00:00:00		
453638	Hybrid	Milk Chocolate Squares KALLISTO CHOCOLATES  MILK	False	Dave  Comeau	2021-10-07 00:00:00		
173369	Hybrid	Milky Way OG	False	Josh Udovich (ju1071)	2020-05-18 00:00:00		
173370	Hybrid	Mimosa #6	False	Josh Udovich (ju1071)	2019-11-14 00:00:00		
173371	Hybrid	Mimosa #6 X Cookies N' Cream	False	Josh Udovich (ju1071)	2020-01-10 00:00:00		
173372	Hybrid	Mimosa #6 X Tropicana Cookies	False	Josh Udovich (ju1071)	2020-02-06 00:00:00		
173373	Hybrid	Mimosa #6 X Watermelon Z	False	Josh Udovich (ju1071)	2019-12-19 00:00:00		
173374	Hybrid	Mimosa (Hempkings Loud)	False	Josh Udovich (ju1071)	2020-05-29 00:00:00		
173375	Hybrid	Mimosa Glue	False	Josh Udovich (ju1071)	2021-02-08 00:00:00		
173376	Hybrid	Mimosa Punch	False	Josh Udovich (ju1071)	2020-02-05 00:00:00		
173377	Hybrid	Mint Chocolate Trip	False	Josh Udovich (ju1071)	2021-02-08 00:00:00		
173378	Hybrid	Miracle Alien Cookies	False	Josh Udovich (ju1071)	2020-01-08 00:00:00		
173379	Hybrid	Miracle Alien Cookies	False	Josh Udovich (ju1071)	2020-01-27 00:00:00		
173380	Hybrid	Miracle Whip #3	False	Josh Udovich (ju1071)	2020-09-16 00:00:00		
20775	Hybrid	Mixed CBD 1:1 Panda Fruit Drops- Blue Raspberry 1	False	Rachael Bush	2019-11-14 00:00:00		
453639	Hybrid	Mixed CBD Panda Candies- Salted Caramel - 10mg 1:	False	Dave  Comeau	2021-10-07 00:00:00		
20776	Hybrid	Mixed CBD/THC 1:1	False	Rachael Bush	2018-08-30 00:00:00		
453640	Hybrid	Mixed Dab Jars Syringe - Blueberry Kush 1g	False	Dave  Comeau	2021-10-07 00:00:00		
453641	Hybrid	Mixed Edibles: Choco Malt Balls Single - Indica S	False	Dave  Comeau	2021-10-07 00:00:00		
453642	Hybrid	Mixed Firecracker - Infused Preroll OG Chem Vanil	False	Dave  Comeau	2021-10-07 00:00:00		
453643	Hybrid	Mixed Flav Pen - Rebelution Cali-O 1g	False	Dave  Comeau	2021-10-07 00:00:00		
453644	Hybrid	Mixed Flav Pen - Rebelution Sour Tsunami 1g	False	Dave  Comeau	2021-10-07 00:00:00		
173381	Hybrid	Mixed GOF	False	Josh Udovich (ju1071)	2019-11-12 00:00:00		
173382	Hybrid	Mixed MDI Ratio 1:1	False	Josh Udovich (ju1071)	2020-03-19 00:00:00		
453645	Hybrid	Mixed Panda Candies- Strawberry Kiwi 10mg	False	Dave  Comeau	2021-10-07 00:00:00		
453646	Hybrid	Mixed Panda Candies- Watermelon 10mg	False	Dave  Comeau	2021-10-07 00:00:00		
453647	Hybrid	Mixed Panda Chocolates- Mint 10mg	False	Dave  Comeau	2021-10-07 00:00:00		
453648	Hybrid	Mixed Panda Fruit Drops- Watermelon 100mg	False	Dave  Comeau	2021-10-07 00:00:00		
453649	Hybrid	Mixed Panda Pen - Creamsicle 1g	False	Dave  Comeau	2021-10-07 00:00:00		
453650	Hybrid	Mixed Panda Pen - Mango Haze 1g	False	Dave  Comeau	2021-10-07 00:00:00		
453651	Hybrid	Mixed Panda Pen - Raspberry Skywalker 1g	False	Dave  Comeau	2021-10-07 00:00:00		
20777	Hybrid	Mixed Relief	False	Rachael Bush	2018-08-30 00:00:00		
20778	Hybrid	Mixed Relief 1000 AM	False	Rachael Bush	2018-08-30 00:00:00		
20779	Hybrid	Mixed Relief 250	False	Rachael Bush	2018-08-30 00:00:00		
20780	Hybrid	Mixed Relief 250  Mixed - Liquid Marijuana Infuse	False	Rachael Bush	2018-08-30 00:00:00		
453652	Hybrid	Mixed Sativa Shot - .5g Watermelon	False	Dave  Comeau	2021-10-07 00:00:00		
20781	Hybrid	Mixed Serum CBD	False	Rachael Bush	2018-08-30 00:00:00		
453653	Hybrid	Mixed Soft Caramel - Original Soft Caramel - 100m	False	Dave  Comeau	2021-10-07 00:00:00		
20782	Hybrid	Mixed Wild Side Pink Grapefruit 12 oz	False	Rachael Bush	2018-08-30 00:00:00		
20783	Hybrid	Mixed Wild Side Summer Peach 17 oz	False	Rachael Bush	2018-08-30 00:00:00		
173383	Hybrid	Modified Mints	False	Josh Udovich (ju1071)	2020-03-26 00:00:00		
453654	Hybrid	Monster Berry FL JAR1 1g	False	Dave  Comeau	2021-10-07 00:00:00		
173384	Hybrid	Monster Cookies	False	Josh Udovich (ju1071)	2019-11-06 00:00:00		
173385	Hybrid	Montana Silvertip	False	Josh Udovich (ju1071)	2020-04-15 00:00:00		
173386	Hybrid	Moonshine Ghost Train	False	Josh Udovich (ju1071)	2021-02-11 00:00:00		
173387	Hybrid	Mooseknuckle Jockey	False	Josh Udovich (ju1071)	2020-05-07 00:00:00		
173388	Hybrid	Mooseknuckle Jockey Reserve	False	Josh Udovich (ju1071)	2019-11-21 00:00:00		
173389	Hybrid	More Shnoz Less Berry	False	Josh Udovich (ju1071)	2020-08-31 00:00:00		
173390	Hybrid	Moscato	False	Josh Udovich (ju1071)	2020-03-16 00:00:00		
173391	Hybrid	Mother Tongue	False	Josh Udovich (ju1071)	2020-03-16 00:00:00		
173392	Hybrid	MotorBreath #15	False	Josh Udovich (ju1071)	2020-02-04 00:00:00		
173393	Hybrid	Mountain fire x wedding cake	False	Josh Udovich (ju1071)	2020-02-27 00:00:00		
173394	Hybrid	Mr. Clean	False	Josh Udovich (ju1071)	2020-07-17 00:00:00		
173395	Hybrid	Mt Rainier #2	False	Josh Udovich (ju1071)	2020-02-21 00:00:00		
173396	Hybrid	My Sunshine	False	Josh Udovich (ju1071)	2020-03-25 00:00:00		
173397	Hybrid	Mystery Girl	False	Josh Udovich (ju1071)	2020-02-21 00:00:00		
173398	Hybrid	Mystic Fire	False	Josh Udovich (ju1071)	2021-02-05 00:00:00		
20784	Hybrid	n/aWeightn/a NameMixed Fresh & Free Vape - 1g	False	Rachael Bush	2020-03-11 00:00:00		
173399	Hybrid	Napali Pink	False	Josh Udovich (ju1071)	2020-01-16 00:00:00		
173400	Hybrid	Neapolitan Mintz	False	Josh Udovich (ju1071)	2020-12-14 00:00:00		
53148	Hybrid	Nemo	False	Ariel Cavin	2020-01-10 00:00:00		
338070	Hybrid	NISQUALLY KUSH	False	Marlin Guillen	2020-12-08 00:00:00		
173401	Hybrid	Nitro Lemon Haze	False	Josh Udovich (ju1071)	2019-12-09 00:00:00		
173402	Hybrid	No Cap	False	Josh Udovich (ju1071)	2020-08-31 00:00:00		
173403	Hybrid	No Cap #4	False	Josh Udovich (ju1071)	2020-06-22 00:00:00		
173404	Hybrid	Nooner	False	Josh Udovich (ju1071)	2019-11-12 00:00:00		
290242	Hybrid	Northern Light	False	Michael  Smith	2020-02-25 00:00:00		
173405	Hybrid	OCD x M15	False	Josh Udovich (ju1071)	2020-02-05 00:00:00		
173406	Hybrid	OG Ape	False	Josh Udovich (ju1071)	2020-05-13 00:00:00		
173407	Hybrid	OG Chem HTE Panda Pod	False	Josh Udovich (ju1071)	2020-04-22 00:00:00		
453655	Hybrid	OG Chem OG Chem Prerolls 1g	False	Dave  Comeau	2021-10-07 00:00:00		
453656	Hybrid	OG Of OZ	False	Dave  Comeau	2021-10-07 00:00:00		
173408	Hybrid	OG Skunk	False	Josh Udovich (ju1071)	2020-02-20 00:00:00		
453657	Hybrid	Olympia Kush Mix Infused Mix Infused - 3.5g	False	Dave  Comeau	2021-10-07 00:00:00		
173409	Hybrid	Omrita Vape 1:1:1	False	Josh Udovich (ju1071)	2020-11-20 00:00:00		
173410	Hybrid	Ooh La La	False	Josh Udovich (ju1071)	2020-08-04 00:00:00		
173411	Hybrid	Orang-O-Tang	False	Josh Udovich (ju1071)	2019-12-23 00:00:00		
173412	Hybrid	Orange Blow	False	Josh Udovich (ju1071)	2020-05-28 00:00:00		
173413	Hybrid	Orange Cinex	False	Josh Udovich (ju1071)	2021-02-19 00:00:00		
453658	Hybrid	ORANGE COOKIES Regulator Vape Cartridge  1G	False	Dave  Comeau	2021-10-07 00:00:00		
173414	Hybrid	Orange Juice	False	Josh Udovich (ju1071)	2020-09-08 00:00:00		
173415	Hybrid	Orange Kush Mints	False	Josh Udovich (ju1071)	2021-01-26 00:00:00		
173416	Hybrid	Orange Marmalade	False	Josh Udovich (ju1071)	2020-06-11 00:00:00		
173417	Hybrid	Orange Monster Cookies	False	Josh Udovich (ju1071)	2020-02-07 00:00:00		
453659	Hybrid	Orange Soda SB Gemz & Juice	False	Dave  Comeau	2021-10-07 00:00:00		
173418	Hybrid	Orange Sundae	False	Josh Udovich (ju1071)	2020-07-17 00:00:00		
173419	Hybrid	Orange Vines	False	Josh Udovich (ju1071)	2020-08-27 00:00:00		
173420	Hybrid	Orangesicle	False	Josh Udovich (ju1071)	2020-01-10 00:00:00		
173421	Hybrid	Oregon OG	False	Josh Udovich (ju1071)	2020-09-29 00:00:00		
20785	Hybrid	Orglue #2 Naked 3.5 g Usable Marijuana - 3.5g	False	Rachael Bush	2020-03-12 00:00:00		
173422	Hybrid	Outer Space	False	Josh Udovich (ju1071)	2021-02-01 00:00:00		
228090	Hybrid	Palouse Sunset	False	Brianna Dyson	2020-07-22 00:00:00		
173423	Hybrid	Panda Berry	False	Josh Udovich (ju1071)	2020-02-07 00:00:00		
173424	Hybrid	Panky Rang	False	Josh Udovich (ju1071)	2020-03-26 00:00:00		
453660	Hybrid	Papaya Papaya Prerolls 1g	False	Dave  Comeau	2021-10-07 00:00:00		
173425	Hybrid	Papaya Purple Punch	False	Josh Udovich (ju1071)	2021-01-15 00:00:00		
173426	Hybrid	Paradise Circus	False	Josh Udovich (ju1071)	2020-11-25 00:00:00		
453661	Hybrid	PASSION FRUIT REGULATOR FLAVORED VAPE CARTRIDGE	False	Dave  Comeau	2021-10-07 00:00:00		
173427	Hybrid	PB & J	False	Josh Udovich (ju1071)	2020-06-11 00:00:00		
173428	Hybrid	PBRose	False	Josh Udovich (ju1071)	2020-03-02 00:00:00		
173429	Hybrid	Peach Cobbler	False	Josh Udovich (ju1071)	2021-02-02 00:00:00		
173430	Hybrid	Peach Ringz	False	Josh Udovich (ju1071)	2019-11-19 00:00:00		
173431	Hybrid	Pearl Lip Balm	False	Josh Udovich (ju1071)	2020-06-10 00:00:00		
351957	Hybrid	Pearly Girl	False	Merisa Gahan	2019-07-02 00:00:00		
173432	Hybrid	pearly girl #1	False	Josh Udovich (ju1071)	2020-03-04 00:00:00		
173433	Hybrid	Peyote Cookies	False	Josh Udovich (ju1071)	2020-12-15 00:00:00		
173434	Hybrid	Phantom OG	False	Josh Udovich (ju1071)	2020-02-20 00:00:00		
453662	Hybrid	Phantom Thai Mix Infused 1g	False	Dave  Comeau	2021-10-07 00:00:00		
173435	Hybrid	Phog	False	Josh Udovich (ju1071)	2021-02-22 00:00:00		
173436	Hybrid	Pie Hoe	False	Josh Udovich (ju1071)	2020-04-21 00:00:00		
173437	Hybrid	Pine Soul	False	Josh Udovich (ju1071)	2020-03-26 00:00:00		
290243	Hybrid	Pineapple Chunk	False	Michael  Smith	2020-04-28 00:00:00		
338071	Hybrid	Pineapple Do-Si-Dos	False	Marlin Guillen	2020-07-03 00:00:00		
173438	Hybrid	Pineapple Mimosa	False	Josh Udovich (ju1071)	2019-11-27 00:00:00		
173439	Hybrid	Pineapple Playa	False	Josh Udovich (ju1071)	2020-05-04 00:00:00		
173440	Hybrid	Pineapple Shocker	False	Josh Udovich (ju1071)	2021-02-04 00:00:00		
338809	Hybrid	Pineapple Super Silver Haze Distillate E-Joint	False	Doug Waun	2020-08-19 00:00:00		
173441	Hybrid	Pineapple Tart	False	Josh Udovich (ju1071)	2020-09-14 00:00:00		
173442	Hybrid	Pineapple Tart/Plum Crazy	False	Josh Udovich (ju1071)	2020-08-24 00:00:00		
173443	Hybrid	Pineapple Upside Down Cake	False	Josh Udovich (ju1071)	2020-03-26 00:00:00		
173444	Hybrid	Pink Eye	False	Josh Udovich (ju1071)	2020-10-15 00:00:00		
173445	Hybrid	Pink Playa	False	Josh Udovich (ju1071)	2020-05-04 00:00:00		
173446	Hybrid	Pink Supreme	False	Josh Udovich (ju1071)	2020-07-23 00:00:00		
173447	Hybrid	Platinum Bubba	False	Josh Udovich (ju1071)	2020-09-01 00:00:00		
173448	Hybrid	Platinum Rhino	False	Josh Udovich (ju1071)	2019-11-07 00:00:00		
173449	Hybrid	Platinum Scout	False	Josh Udovich (ju1071)	2020-07-24 00:00:00		
173450	Hybrid	Platinum Zkittles	False	Josh Udovich (ju1071)	2020-01-23 00:00:00		
173451	Hybrid	Poison Toad	False	Josh Udovich (ju1071)	2019-11-25 00:00:00		
173452	Hybrid	Poisoned Gelato	False	Josh Udovich (ju1071)	2020-02-24 00:00:00		
173453	Hybrid	Poisoned Roses	False	Josh Udovich (ju1071)	2020-08-03 00:00:00		
173454	Hybrid	Poisoned Zkittlez	False	Josh Udovich (ju1071)	2020-06-22 00:00:00		
173455	Hybrid	Popscotti	False	Josh Udovich (ju1071)	2021-01-20 00:00:00		
173456	Hybrid	Powerade	False	Josh Udovich (ju1071)	2020-05-13 00:00:00		
317574	Hybrid	PR .5g Pruf No. 102 Ursa Major	False	Hector Ramos	2021-08-20 00:00:00		
317575	Hybrid	PR .5g Pruf No. 84 Dog Park	False	Hector Ramos	2021-08-20 00:00:00		
317576	Hybrid	PR 1/2g Pruf No. 42 Doug Fir	False	Hector Ramos	2021-08-20 00:00:00		
173457	Hybrid	Pride	False	Josh Udovich (ju1071)	2021-02-09 00:00:00		
173458	Hybrid	Project 4510	False	Josh Udovich (ju1071)	2020-08-04 00:00:00		
173459	Hybrid	Puget Sound Lo-Pez	False	Josh Udovich (ju1071)	2020-08-27 00:00:00		
173460	Hybrid	Punch Drunk	False	Josh Udovich (ju1071)	2021-01-25 00:00:00		
173461	Hybrid	Punch God	False	Josh Udovich (ju1071)	2020-08-10 00:00:00		
173462	Hybrid	Punch Runtz	False	Josh Udovich (ju1071)	2020-09-08 00:00:00		
173463	Hybrid	Purple Cat Piss	False	Josh Udovich (ju1071)	2019-12-19 00:00:00		
173464	Hybrid	Purple Crush	False	Josh Udovich (ju1071)	2020-07-03 00:00:00		
173465	Hybrid	Purple Gas Berry	False	Josh Udovich (ju1071)	2020-06-11 00:00:00		
173466	Hybrid	Purple Gelato	False	Josh Udovich (ju1071)	2020-12-14 00:00:00		
453663	Hybrid	Purple Mac	False	Dave  Comeau	2021-10-07 00:00:00		
173467	Hybrid	Purple OG	False	Josh Udovich (ju1071)	2019-11-20 00:00:00		
173468	Hybrid	Purple Papaya	False	Josh Udovich (ju1071)	2020-02-20 00:00:00		
290244	Hybrid	Purple Pineapple	False	Michael  Smith	2020-05-21 00:00:00		
173469	Hybrid	Purple Pineapple Express #4	False	Josh Udovich (ju1071)	2019-11-27 00:00:00		
173470	Hybrid	Purple Plushberry	False	Josh Udovich (ju1071)	2019-12-09 00:00:00		
173471	Hybrid	Purple Punchsicle	False	Josh Udovich (ju1071)	2019-12-11 00:00:00		
173472	Hybrid	Purple RockStar Kush	False	Josh Udovich (ju1071)	2020-05-27 00:00:00		
173473	Hybrid	Purple Skunk Refine x Royal Tree Gardens	False	Josh Udovich (ju1071)	2020-05-29 00:00:00		
173474	Hybrid	Purple Thai x Magnum PI	False	Josh Udovich (ju1071)	2019-11-19 00:00:00		
173475	Hybrid	Purple Vortex	False	Josh Udovich (ju1071)	2019-11-07 00:00:00		
453664	Hybrid	Purple Wedding	False	Dave  Comeau	2021-10-07 00:00:00		
453665	Hybrid	Purple Z	False	Dave  Comeau	2021-10-07 00:00:00		
173476	Hybrid	Purps OG BHO	False	Josh Udovich (ju1071)	2020-02-13 00:00:00		
173477	Hybrid	Rain Maker Pax Pod	False	Josh Udovich (ju1071)	2020-02-24 00:00:00		
173478	Hybrid	Rainbow Belts	False	Josh Udovich (ju1071)	2020-11-16 00:00:00		
173479	Hybrid	Rainbow Chip	False	Josh Udovich (ju1071)	2020-05-13 00:00:00		
289524	Hybrid	Rainbow Flame	False	Kyle Castro	2021-10-24 00:00:00		
173480	Hybrid	Rainbow Flame X Tropicana Cookies	False	Josh Udovich (ju1071)	2020-02-27 00:00:00		
173481	Hybrid	Rainbow Gelato	False	Josh Udovich (ju1071)	2020-09-16 00:00:00		
173482	Hybrid	Rainbow Runtz	False	Josh Udovich (ju1071)	2020-08-21 00:00:00		
173483	Hybrid	Rampage #1	False	Josh Udovich (ju1071)	2020-08-31 00:00:00		
173484	Hybrid	Rampage #2	False	Josh Udovich (ju1071)	2020-05-18 00:00:00		
453666	Hybrid	Rasberry Kush Dab Jars Syringe - Raspberry Kush 1	False	Dave  Comeau	2021-10-07 00:00:00		
453667	Hybrid	Raspberry Diesel	False	Dave  Comeau	2021-10-07 00:00:00		
173485	Hybrid	Raspberry Kush	False	Josh Udovich (ju1071)	2020-03-16 00:00:00		
282292	Hybrid	Rawtton	False	Adam Ashley	2019-07-16 00:00:00		
173486	Hybrid	Real Glue	False	Josh Udovich (ju1071)	2021-02-08 00:00:00		
453668	Hybrid	Red Dragon Willy (Hybrid) Red Dragon 1g (SH)	False	Dave  Comeau	2021-10-07 00:00:00		
173487	Hybrid	Red Hindu Kush	False	Josh Udovich (ju1071)	2020-01-22 00:00:00		
173488	Hybrid	Redtailed	False	Josh Udovich (ju1071)	2020-10-15 00:00:00		
173489	Hybrid	Reefer Weapon 4	False	Josh Udovich (ju1071)	2020-08-31 00:00:00		
173490	Hybrid	Remedy CBD	False	Josh Udovich (ju1071)	2020-04-13 00:00:00		
173491	Hybrid	Restore Squeeze 2oz	False	Josh Udovich (ju1071)	2020-07-23 00:00:00		
173492	Hybrid	Ringo Gift	False	Josh Udovich (ju1071)	2020-02-05 00:00:00		
173493	Hybrid	Rocket	False	Josh Udovich (ju1071)	2020-06-18 00:00:00		
173494	Hybrid	Rocky MT Thunder	False	Josh Udovich (ju1071)	2019-11-22 00:00:00		
173495	Hybrid	Rolexx	False	Josh Udovich (ju1071)	2021-01-11 00:00:00		
173496	Hybrid	Romulan Blue Dream 4g	False	Josh Udovich (ju1071)	2020-05-29 00:00:00		
173497	Hybrid	Rose Water	False	Josh Udovich (ju1071)	2019-11-25 00:00:00		
173498	Hybrid	Royal Dutch	False	Josh Udovich (ju1071)	2020-11-19 00:00:00		
173499	Hybrid	Royal Purple Kush	False	Josh Udovich (ju1071)	2019-11-21 00:00:00		
282293	Hybrid	Rozay	False	Adam Ashley	2019-07-16 00:00:00		
173500	Hybrid	Rude Boi OG #1	False	Josh Udovich (ju1071)	2019-11-12 00:00:00		
173501	Hybrid	Rude Boi x Orange Sherbert Gold	False	Josh Udovich (ju1071)	2019-12-10 00:00:00		
173502	Hybrid	Rugburn	False	Josh Udovich (ju1071)	2020-08-21 00:00:00		
173503	Hybrid	Rugburn OG	False	Josh Udovich (ju1071)	2020-08-21 00:00:00		
229478	Hybrid	Runtz 1g Syringe	False	Chris  Taylor	2021-05-19 00:00:00		
173504	Hybrid	Safety Meeting	False	Josh Udovich (ju1071)	2020-06-23 00:00:00		
173505	Hybrid	Sailor's Magick	False	Josh Udovich (ju1071)	2020-09-30 00:00:00		
173506	Hybrid	Salmon River	False	Josh Udovich (ju1071)	2020-08-31 00:00:00		
173507	Hybrid	Sapphire Cherry	False	Josh Udovich (ju1071)	2020-05-13 00:00:00		
330914	Hybrid	Satori	False	Richard Min	2016-03-16 00:00:00		
173508	Hybrid	Scooby Snack	False	Josh Udovich (ju1071)	2020-01-20 00:00:00		
173509	Hybrid	Scooby Snacks Refine x Mama J's	False	Josh Udovich (ju1071)	2020-05-29 00:00:00		
173510	Hybrid	Scooby Snacks X Scooby Snacks	False	Josh Udovich (ju1071)	2020-04-21 00:00:00		
173511	Hybrid	Seth Rogen's Still Laughing	False	Josh Udovich (ju1071)	2020-08-31 00:00:00		
173512	Hybrid	Sherb Cake	False	Josh Udovich (ju1071)	2019-11-12 00:00:00		
173513	Hybrid	Sherb Cake 6	False	Josh Udovich (ju1071)	2020-07-14 00:00:00		
173514	Hybrid	Sherb Glue Sugar Wax 1g	False	Josh Udovich (ju1071)	2020-05-29 00:00:00		
20786	Hybrid	Sherbet 28.0g Usable Marijuana - 28g	False	Rachael Bush	2020-02-26 00:00:00		
173515	Hybrid	Sherbreath	False	Josh Udovich (ju1071)	2021-01-04 00:00:00		
173516	Hybrid	Shia Lapuff II	False	Josh Udovich (ju1071)	2020-10-05 00:00:00		
173517	Hybrid	Silly Lemons	False	Josh Udovich (ju1071)	2020-02-24 00:00:00		
173518	Hybrid	Silver Headband	False	Josh Udovich (ju1071)	2020-08-17 00:00:00		
173519	Hybrid	Silver Tip RSO Platinum	False	Josh Udovich (ju1071)	2020-05-08 00:00:00		
173520	Hybrid	Sinmintz	False	Josh Udovich (ju1071)	2020-02-24 00:00:00		
173521	Hybrid	Sir Mix A Lot	False	Josh Udovich (ju1071)	2020-08-26 00:00:00		
456947	Hybrid	SK x CHARLOTTE	False	Beraki Beraki	2020-03-05 00:00:00		
173522	Hybrid	Skunk	False	Josh Udovich (ju1071)	2020-10-13 00:00:00		
173523	Hybrid	Skunk Fuel	False	Josh Udovich (ju1071)	2020-12-09 00:00:00		
173524	Hybrid	Skywalk OG	False	Josh Udovich (ju1071)	2021-01-29 00:00:00		
173525	Hybrid	Skywalker Kush	False	Josh Udovich (ju1071)	2020-06-29 00:00:00		
173526	Hybrid	Slacker	False	Josh Udovich (ju1071)	2019-11-06 00:00:00		
173527	Hybrid	Smokey the Gummi Bear	False	Josh Udovich (ju1071)	2020-12-08 00:00:00		
173528	Hybrid	Snickerdoodle	False	Josh Udovich (ju1071)	2020-08-04 00:00:00		
173529	Hybrid	Sorbet	False	Josh Udovich (ju1071)	2020-01-15 00:00:00		
173530	Hybrid	Sour Blues	False	Josh Udovich (ju1071)	2020-03-31 00:00:00		
173531	Hybrid	Sour D	False	Josh Udovich (ju1071)	2019-12-19 00:00:00		
173532	Hybrid	Sour Deisel	False	Josh Udovich (ju1071)	2020-01-23 00:00:00		
173533	Hybrid	Sour Diesel Brights	False	Josh Udovich (ju1071)	2020-06-09 00:00:00		
173534	Hybrid	Sour Garlic Cookies	False	Josh Udovich (ju1071)	2019-11-05 00:00:00		
173535	Hybrid	Sour Grape & Hellfire #1	False	Josh Udovich (ju1071)	2021-01-29 00:00:00		
173536	Hybrid	Sour Grapes	False	Josh Udovich (ju1071)	2019-11-07 00:00:00		
173537	Hybrid	Sour Lime	False	Josh Udovich (ju1071)	2021-01-20 00:00:00		
173538	Hybrid	Sour Purple Diesel	False	Josh Udovich (ju1071)	2020-02-21 00:00:00		
173539	Hybrid	Sour Puss	False	Josh Udovich (ju1071)	2019-11-07 00:00:00		
173540	Hybrid	Sour Space Candy	False	Josh Udovich (ju1071)	2020-08-28 00:00:00		
173541	Hybrid	Sour Sunset #6	False	Josh Udovich (ju1071)	2020-02-20 00:00:00		
173542	Hybrid	sour trinity	False	Josh Udovich (ju1071)	2020-08-17 00:00:00		
173543	Hybrid	Sour Tsunami 1g	False	Josh Udovich (ju1071)	2020-01-08 00:00:00		
173544	Hybrid	Sour Wreck	False	Josh Udovich (ju1071)	2020-10-02 00:00:00		
173545	Hybrid	Space Berry	False	Josh Udovich (ju1071)	2020-02-21 00:00:00		
173546	Hybrid	Space Bomb #1	False	Josh Udovich (ju1071)	2020-07-13 00:00:00		
173547	Hybrid	Space Ghost	False	Josh Udovich (ju1071)	2019-11-27 00:00:00		
173548	Hybrid	Space Momma	False	Josh Udovich (ju1071)	2019-11-08 00:00:00		
20787	Hybrid	SPACE MONKEY Hashteroidz Joint - Space Monkey Bud	False	Rachael Bush	2020-03-11 00:00:00		
173549	Hybrid	Spectrum CBD	False	Josh Udovich (ju1071)	2020-06-08 00:00:00		
173550	Hybrid	Spectrum CBD + Glazed Apricot Gelato	False	Josh Udovich (ju1071)	2020-07-02 00:00:00		
173551	Hybrid	Spectrum CBD + Slurricane	False	Josh Udovich (ju1071)	2020-06-08 00:00:00		
173552	Hybrid	Spectrum CBD + Super Glue	False	Josh Udovich (ju1071)	2020-07-02 00:00:00		
173553	Hybrid	Squirt	False	Josh Udovich (ju1071)	2021-01-29 00:00:00		
173554	Hybrid	Star Berry	False	Josh Udovich (ju1071)	2021-02-03 00:00:00		
173555	Hybrid	Stinky Irene OG	False	Josh Udovich (ju1071)	2020-03-30 00:00:00		
173556	Hybrid	Stony Hawk Pro Blazer	False	Josh Udovich (ju1071)	2020-08-31 00:00:00		
173557	Hybrid	Strawberry & Cream	False	Josh Udovich (ju1071)	2020-05-13 00:00:00		
173558	Hybrid	Strawberry Banana Bubba	False	Josh Udovich (ju1071)	2020-04-21 00:00:00		
453669	Hybrid	Strawberry Banana Bubba Dorado Diamonds n' Sauce	False	Dave  Comeau	2021-10-07 00:00:00		
290245	Hybrid	Strawberry Banana Sherb X Chocolatina	False	Michael  Smith	2020-05-20 00:00:00		
173559	Hybrid	Strawberry Banana Sherbert	False	Josh Udovich (ju1071)	2020-04-03 00:00:00		
173560	Hybrid	Strawberry Banana x Lem OG	False	Josh Udovich (ju1071)	2020-05-06 00:00:00		
290246	Hybrid	Strawberry Banana x Lemon OG	False	Michael  Smith	2020-05-20 00:00:00		
290247	Hybrid	Strawberry Blonde	False	Michael  Smith	2020-05-20 00:00:00		
173561	Hybrid	Strawberry Cookies	False	Josh Udovich (ju1071)	2020-03-12 00:00:00		
20788	Hybrid	Strawberry Cookies Joints HOC PreRolls (2 x 0.5)	False	Rachael Bush	2020-03-12 00:00:00		
173562	Hybrid	Strawberry Delight	False	Josh Udovich (ju1071)	2020-02-07 00:00:00		
173563	Hybrid	Strawberry Jam	False	Josh Udovich (ju1071)	2020-02-21 00:00:00		
173564	Hybrid	Strawberry Limeade	False	Josh Udovich (ju1071)	2020-02-14 00:00:00		
173565	Hybrid	Strawberry LSD	False	Josh Udovich (ju1071)	2020-08-14 00:00:00		
173566	Hybrid	Strawberry Milk	False	Josh Udovich (ju1071)	2020-06-08 00:00:00		
173567	Hybrid	Strawberry Mintz	False	Josh Udovich (ju1071)	2021-01-13 00:00:00		
173568	Hybrid	Strawberry Passion	False	Josh Udovich (ju1071)	2020-05-13 00:00:00		
173569	Hybrid	Strawberry Shortcake	False	Josh Udovich (ju1071)	2020-08-17 00:00:00		
173570	Hybrid	Strawberry StarDawg	False	Josh Udovich (ju1071)	2020-09-08 00:00:00		
173571	Hybrid	StrawberryYo(gurt)	False	Josh Udovich (ju1071)	2021-02-22 00:00:00		
173572	Hybrid	Strawbert	False	Josh Udovich (ju1071)	2019-11-07 00:00:00		
173573	Hybrid	Strawnana GMO	False	Josh Udovich (ju1071)	2021-02-19 00:00:00		
173574	Hybrid	Strawnana Rosin	False	Josh Udovich (ju1071)	2020-07-08 00:00:00		
173575	Hybrid	Strawpicanna	False	Josh Udovich (ju1071)	2020-09-16 00:00:00		
20789	Hybrid	Sugar Berry Scone Flower HOC Black Label Usable M	False	Rachael Bush	2020-03-12 00:00:00		
173576	Hybrid	Sugar Lemon Cookies	False	Josh Udovich (ju1071)	2020-01-22 00:00:00		
173577	Hybrid	Sugar Mama	False	Josh Udovich (ju1071)	2020-06-23 00:00:00		
173578	Hybrid	Sun Dance Driver	False	Josh Udovich (ju1071)	2020-05-27 00:00:00		
338810	Hybrid	Sundae Driver Full Flower Kief Joints	False	Doug Waun	2020-11-06 00:00:00		
173579	Hybrid	Sundae Driver X Golden Pineapple	False	Josh Udovich (ju1071)	2020-01-08 00:00:00		
173580	Hybrid	Sundae-Lato	False	Josh Udovich (ju1071)	2021-01-20 00:00:00		
173581	Hybrid	Sunday Driver	False	Josh Udovich (ju1071)	2020-09-18 00:00:00		
173582	Hybrid	Sunset Gelato	False	Josh Udovich (ju1071)	2020-02-11 00:00:00		
173583	Hybrid	Sunset MAC	False	Josh Udovich (ju1071)	2020-01-08 00:00:00		
173584	Hybrid	Sunset Sherbert FF	False	Josh Udovich (ju1071)	2020-09-01 00:00:00		
173585	Hybrid	Sunset Sherbert x High Octane	False	Josh Udovich (ju1071)	2020-08-21 00:00:00		
173586	Hybrid	Sunset Soda #5	False	Josh Udovich (ju1071)	2019-11-25 00:00:00		
173587	Hybrid	Sunset Soda Reserve	False	Josh Udovich (ju1071)	2019-11-21 00:00:00		
173588	Hybrid	Sunset Zkittlez	False	Josh Udovich (ju1071)	2020-08-27 00:00:00		
173589	Hybrid	Sunshine Lime	False	Josh Udovich (ju1071)	2020-05-13 00:00:00		
173590	Hybrid	Super Iced Grapefruit	False	Josh Udovich (ju1071)	2019-12-09 00:00:00		
173591	Hybrid	Super Jack	False	Josh Udovich (ju1071)	2020-07-13 00:00:00		
